path,size,sha256,decision,reason
.dockerignore,78,3b78a8e68540f120c82dca3a4133702a0811601786a6a24902b0039bd5a9c749,versionar,"Código, configuración, documentación o recurso del producto"
.env.example,1966,25afa661baeed52882cb7e211e37c8ca45a3877d56227632cdafc081ed2ced6e,versionar,"Código, configuración, documentación o recurso del producto"
00_LEEME_PRIMERO.txt,571,42682a51a1bac73b3653f8139e7fce6c7d2188198da37b361f027b49a4d48478,versionar,"Código, configuración, documentación o recurso del producto"
12_ENSAYAR_DESPLIEGUE.command,1709,6d354c3436d9efc258d496be48dab226e185357d06cb006364c57ac29fd2f875,mover_scripts_macos,Script macOS; reorganizar en scripts/macos preservando permisos
13_INICIAR_STACK_ENSAYO.command,4236,918194ed14f1bdd401d06708837a41c459e6aa1a522e343db344968a7ecd6a97,mover_scripts_macos,Script macOS; reorganizar en scripts/macos preservando permisos
14_CERTIFICAR_VERSION.command,1801,3d2c792d2a602f90a0d85f6b25b7e5ada365c5e37f6ddae384251a18e1083f60,mover_scripts_macos,Script macOS; reorganizar en scripts/macos preservando permisos
15_PREPARAR_Y_CERTIFICAR_DEMO.command,1655,6261bbb452067d73146fc1c80c40191e2e060ac3ae395bbf10ccb9b4f2a76cfb,mover_scripts_macos,Script macOS; reorganizar en scripts/macos preservando permisos
1_INSTALAR_Y_ABRIR.command,134,f99eabf19c498f39b4eb6a25dabbc3b8ac740aafaa8e042e2dc36c0ef396f5d5,mover_scripts_macos,Script macOS; reorganizar en scripts/macos preservando permisos
2_ABRIR_CALCULA_TU_HUELLA.command,118,52ccee07b2a0fa5801f1a57178e2f67e3702e6bfb82430eb3770e1d21a7d2549,mover_scripts_macos,Script macOS; reorganizar en scripts/macos preservando permisos
3_DETENER_CALCULA_TU_HUELLA.command,1377,0bb53c96e281ba1b844a9b31bf8a6af5342a9d38c1c6932f107f438f51058308,mover_scripts_macos,Script macOS; reorganizar en scripts/macos preservando permisos
4_VER_ESTADO.command,1509,8a83d4fe2a87514c73ad303660efda7d118b0f53bad56eeac4ed0d86308b3edf,mover_scripts_macos,Script macOS; reorganizar en scripts/macos preservando permisos
5_DIAGNOSTICO_SEGURIDAD.command,802,2a2dbc1d81c99556d5b31c99b136b8aa7eb5d2c6397e6dda65e7dd5014e9dedf,mover_scripts_macos,Script macOS; reorganizar en scripts/macos preservando permisos
6_ENSAYAR_RESTAURACION.command,1231,acfd1782e7209fe660d4d3b9797de9a21990179bd205744dd873ed4ea3eec669,mover_scripts_macos,Script macOS; reorganizar en scripts/macos preservando permisos
8_MIGRAR_POSTGRESQL_ENSAYO.command,1331,839bbdd6fc137039becfd17e6051ad77a273430d74e5f6b0417839be8c7fe6eb,mover_scripts_macos,Script macOS; reorganizar en scripts/macos preservando permisos
ABRIR_CALCULA_TU_HUELLA.command,4176,b095c8e0f0069083ebf472c3c41811b068d782fd61d56adde57e88b3751dd67a,mover_scripts_macos,Script macOS; reorganizar en scripts/macos preservando permisos
CHANGELOG.md,5047,2fc7f909224e9c5c612102d47a0e242d081c6b7ba6ab4acf582691c6fe372611,versionar,"Código, configuración, documentación o recurso del producto"
Caddyfile,354,3b9906859fce032f4d727e6c2d38021d09f02eabf3737eb4d7183d5c326f36ec,versionar,"Código, configuración, documentación o recurso del producto"
Caddyfile.trial,304,b1ff32dec9f3137c3c7d26db0a5b79d78bd396d19948f73ea3c095245f011e3a,versionar,"Código, configuración, documentación o recurso del producto"
Calcula tu Huella.app/Contents/Info.plist,722,75e300c22c96cebc19c21f3b0779ec4301ee9a78bfbf990e4a6626890964b599,mover_packaging,Fuente de empaquetado macOS; reorganizar en packaging/macos
Calcula tu Huella.app/Contents/MacOS/CalculaTuHuella,620,0bac5fb6a243b6b543c07be09040b924352833de0d7f33bfbfb7cf686b2dc6ab,mover_packaging,Fuente de empaquetado macOS; reorganizar en packaging/macos
Dockerfile,680,bf4efcde496708ca6436fd4c9735ec56c7e0322be738309a80b3e030273fe2d0,versionar,"Código, configuración, documentación o recurso del producto"
INSTALAR_O_ACTUALIZAR_CALCULA_TU_HUELLA.command,3588,236f08edf7e9611f7a856bc110254488f93a4b1dc00b9afbecf41ff657cb6af0,mover_scripts_macos,Script macOS; reorganizar en scripts/macos preservando permisos
LEEME_PRIMERO.txt,571,42682a51a1bac73b3653f8139e7fce6c7d2188198da37b361f027b49a4d48478,versionar,"Código, configuración, documentación o recurso del producto"
MACOS.md,1000,7e7e912afab3b1e41e8852aaaa15f922553caab2c69d6ee954c0f9b21176ceaa,versionar,"Código, configuración, documentación o recurso del producto"
METODOLOGIA_Y_LIMITACIONES.md,533,132e0efbe488d0190bf3a400f2df3b9827ed278bf2bb98fbdced954089b696c7,versionar,"Código, configuración, documentación o recurso del producto"
PRODUCCION.md,753,f12e73ea96e932ca7799986644efcc9e9c56c2738240db6eed7d1b6cad2e1de5,versionar,"Código, configuración, documentación o recurso del producto"
README.md,2200,ef90fe0889d2081ee49043c374f0d9743e9dae7c17b80ff702aa61735ffd532b,versionar,"Código, configuración, documentación o recurso del producto"
SECURITY.md,568,ed1e63f1e3b87020b653a6f39d89f0fc10bfd1621aa76f422da148096e96749c,versionar,"Código, configuración, documentación o recurso del producto"
VALIDACION_V0_31.md,1201,3ff9a34554cc34e666459eae9a7e17be6ea74a02040d69c46921a81ee3558df9,versionar_documentacion,Documentación vigente o trazabilidad histórica
VALIDACION_V0_32.md,2467,a104af26591cddc1e7cce83ea9a6027fbff948b02a6c4d03f6d57c142e3d27c5,versionar_documentacion,Documentación vigente o trazabilidad histórica
VALIDACION_V0_33.md,1502,251675e9ea99d55db7b7e1077567b37b6d5ab1ca622f0018d93d40f05ae8f5c0,versionar_documentacion,Documentación vigente o trazabilidad histórica
VALIDACION_V0_34.md,3089,19137ad35ea2eba59bedae0164798697c361c25bda2f70ac6498460a879eb5bb,versionar_documentacion,Documentación vigente o trazabilidad histórica
VALIDACION_V0_35.md,2485,6755d1fec65ccde9dfc7456981ede33a88de0995f1c1d6b65319520be2420406,versionar_documentacion,Documentación vigente o trazabilidad histórica
VALIDACION_V0_36.md,2050,6ec4a5c5dfde2df2402d2638b46a9639da5e68902f7c89f532a3e9c1dd8af672,versionar_documentacion,Documentación vigente o trazabilidad histórica
VALIDACION_V0_37.md,2553,bcb95a279230149930b535e3df1727055a45b4fc88fc06431fdef97d8021c6e6,versionar_documentacion,Documentación vigente o trazabilidad histórica
VALIDACION_V0_43.md,2477,b73a9cd59b2f9e2486e5060b0d2f1414dcb32981f64ae8f4dc099db021f9c381,versionar_documentacion,Documentación vigente o trazabilidad histórica
VALIDACION_V0_45.md,2597,14f6925a388b226cc9acd8806f9c82eef41514ee18be047242050ad9531b28df,versionar_documentacion,Documentación vigente o trazabilidad histórica
VALIDACION_V0_45_1.md,1681,1ffc1d6afc24b75516c88eddda3126bb2eebe69b7feb72fc21081d9c1e3d7c1c,versionar_documentacion,Documentación vigente o trazabilidad histórica
VALIDACION_V0_45_2.md,1747,609f5fdc3102eb8576d00827aec06261c7792b68eef512f4510eb6ad70512cb3,versionar_documentacion,Documentación vigente o trazabilidad histórica
VALIDACION_V0_45_3.md,2303,90ed6446c56ac86660cf88ed7c4041e5bb75f39501b298604b9cce02822a07f4,versionar_documentacion,Documentación vigente o trazabilidad histórica
VALIDACION_V0_45_4.md,2359,843ec089eb1c1e904d0b18da42a7be6134fb3641db0436484bb6463a0c13d81b,versionar_documentacion,Documentación vigente o trazabilidad histórica
VALIDACION_V0_45_5.md,1611,2b64d1f5604eb071ee52e36d7abf6cc0b06c830a68cc010065176aa2cb348f46,versionar_documentacion,Documentación vigente o trazabilidad histórica
alembic.ini,586,37277b5e58df001c4ae979b3c68944fb6eefae0b7192be034c9de75f56aba770,versionar,"Código, configuración, documentación o recurso del producto"
app/__init__.py,0,e3b0c44298fc1c149afbf4c8996fb92427ae41e4649b934ca495991b7852b855,versionar,"Código, configuración, documentación o recurso del producto"
app/access_control.py,4809,7450a0ce7e4e0c2e0770accee2650491c49afbf63def111a9a722bf4e7fab1fd,versionar,"Código, configuración, documentación o recurso del producto"
app/accounting.py,1475,ba4b10664408534860c277d890ca91bb8ca7eed0757e9d4d0a8711214c63a541,versionar,"Código, configuración, documentación o recurso del producto"
app/analytics.py,8754,328ea36f56f958a731649da91564ddd9a7a810bb08965de0ecadb62230b70d5f,versionar,"Código, configuración, documentación o recurso del producto"
app/architecture.py,7761,d3edc109097fa17669819ed161144adf00d5436dbcba08af323d87b1afaf9998,versionar,"Código, configuración, documentación o recurso del producto"
app/automations.py,11354,9b53f7828f84203a511ec9ad240888142421ad0244440417a0197e50f5bc3671,versionar,"Código, configuración, documentación o recurso del producto"
app/calculations.py,10569,2723c388f75554a312416791cac32aca63e3169175050bc2d3c8cf6449d6dac4,versionar,"Código, configuración, documentación o recurso del producto"
app/climate_disclosure.py,15857,38874dc605953939752454c3efdd377ef32d79556e9be1f3ba7750bad73da311,versionar,"Código, configuración, documentación o recurso del producto"
app/climate_risk.py,7896,19add62dac42317ca02d33ca464fc4d58a36543685e86da28ad7e1cc76831b12,versionar,"Código, configuración, documentación o recurso del producto"
app/colombia_library.py,15225,3323903a014f73c93c3cac883741f203f637ab96d72306395e4fe5aa59bccd14,versionar,"Código, configuración, documentación o recurso del producto"
app/colombia_library_web.py,5347,cd0fe961bd38daddec6ed4992f23fa13b419aa899a6c96d56b42f638295c5c76,versionar,"Código, configuración, documentación o recurso del producto"
app/config.py,8170,a66793f02f858fb589a6201e7b4188cdc04304c636784173d2e0b2687ee15809,versionar,"Código, configuración, documentación o recurso del producto"
app/consolidation.py,7760,f7ece6c274b99d33022aaa0ad05f2798bb93465c9bb3f3ca60b6db5b148fb5e4,versionar,"Código, configuración, documentación o recurso del producto"
app/customer_success.py,12618,c9e540edc1daceffa6e44b13e7747c01077b41439fc65cb92a11bf9951837196,versionar,"Código, configuración, documentación o recurso del producto"
app/data_quality.py,27155,cb815203fee681a6a481a64c6166d3bdf89085e39a9150594585b212ae98b2b6,versionar,"Código, configuración, documentación o recurso del producto"
app/data_quality_web.py,6282,1086242b51d89227c96311c3a1c9ff56663cd22ee5c2174ba1985d75fd146555,versionar,"Código, configuración, documentación o recurso del producto"
app/database.py,153492,83a0a3784b57669b1d2f889229dd96e6fd615c35b63f77d635df93b489eb1cdc,versionar,"Código, configuración, documentación o recurso del producto"
app/database_transfer.py,5102,a8318bd7acac8adaac746511abe2bad3c4ba3f95fabb7d861a08e93a87616dcb,versionar,"Código, configuración, documentación o recurso del producto"
app/db/__init__.py,137,0bc313bbb73244148807cda791c1f2e17658e49c5b44d4dd50d3bbd4921ca54f,versionar,"Código, configuración, documentación o recurso del producto"
app/db/base.py,773,9ee8c6b9838e0379929195b1bf7384e64bce7e16de4532e08058ff064901a440,versionar,"Código, configuración, documentación o recurso del producto"
app/db/models/__init__.py,5659,68f1c9c1d58a0f424bc9a8ca50465cdeffbd4a06e5477a61e5d0c604b5b6403e,versionar,"Código, configuración, documentación o recurso del producto"
app/db/models/climate.py,20868,f1e5b43198a1f23d63560a3cb3e1b4382791eb706e4e763f7e7fd6e6d16944a5,versionar,"Código, configuración, documentación o recurso del producto"
app/db/models/commercial.py,26541,ee5bff858dcd2ab1360bde27ecd59afa8d068f0b110d97d6e182aa860968f54c,versionar,"Código, configuración, documentación o recurso del producto"
app/db/models/core.py,6334,ae7e4ab2e73dce2bdec1134ec126ce2097a28c04d7b757a7db516c93430623ad,versionar,"Código, configuración, documentación o recurso del producto"
app/db/models/governance.py,11526,d43a6035576762d87eeafb007c5680e920de8e2c89203cf98454fe49c00fe340,versionar,"Código, configuración, documentación o recurso del producto"
app/db/models/inventory.py,24107,241bb8feb34de285632c89d41db39b5b60f350826f09bb0edac069238317972d,versionar,"Código, configuración, documentación o recurso del producto"
app/db/models/methodology.py,15463,a5072eb689d1ef401f62e4a17927245d53859c654e485d8edc724b5784faf979,versionar,"Código, configuración, documentación o recurso del producto"
app/db/models/operations.py,15225,cf9d3b7a7f86fd59a77d6b152af848c096e363d19a49af8d7daed3fafd2b391d,versionar,"Código, configuración, documentación o recurso del producto"
app/db/models/pilot.py,19809,b86ecf47feb6ae26b1d0156cc04100771df99c4b9cd3bad7e3032bd812c465a3,versionar,"Código, configuración, documentación o recurso del producto"
app/db/models/product_intelligence.py,9299,96a7252620c5d12c7787f525bf93607a49f7a86236fdc02fd8a3bc2c0ed64b97,versionar,"Código, configuración, documentación o recurso del producto"
app/db/models/supply_chain.py,5736,4b5614c8d72ea7da1e94a633be39e0220f1fe76faee79833cb8e4f6f37ec6a53,versionar,"Código, configuración, documentación o recurso del producto"
app/demo_environment.py,42225,1c4a134f43f696bb6a44711fdc09bacbb6f17afb03ded127694d128f10b275a6,versionar,"Código, configuración, documentación o recurso del producto"
app/demo_web.py,3969,2d210e15d66c6929028e304f24c817e338bd12a4aaa04d88c6bac651986df356,versionar,"Código, configuración, documentación o recurso del producto"
app/deployment_readiness.py,9856,05ef959537d538e8e98e59bc29e36e7a4c898e2cd3c6fa2644f8f93099c3bc82,versionar,"Código, configuración, documentación o recurso del producto"
app/impact_intelligence.py,7373,a761043178be0dbaf4e28826265f3b164f8ee21846c0a51d9b14bc848934d4a5,versionar,"Código, configuración, documentación o recurso del producto"
app/information_web.py,28292,aa728ef75a0b8a65fad523f8468b250cc1cc25b0684dff512000ad6a06d302d6,versionar,"Código, configuración, documentación o recurso del producto"
app/inventories_web.py,27054,32265c313a719a86b80f6f6dc6c7218442b61821409d66775489d892fc9d0582,versionar,"Código, configuración, documentación o recurso del producto"
app/inventory_starters.py,8250,1ac595cc4db5b490c550ab903feaf67aa7a1963eb78bf2c58424bb188f006509,versionar,"Código, configuración, documentación o recurso del producto"
app/main.py,254477,b0d8822243fb7ce4c305656e57d80954b6de1349fdbede240d95caea1eeee6d2,versionar,"Código, configuración, documentación o recurso del producto"
app/methodology_closure.py,11739,16e1ac12045b1a33ea4c7c362ea180066b72381a2f5ac2d284640d1ce9b0e993,versionar,"Código, configuración, documentación o recurso del producto"
app/methodology_closure_web.py,9513,036ccf4c686753a14fd3424b26df7b08a248fa93dd34a56b89594592c700d634,versionar,"Código, configuración, documentación o recurso del producto"
app/methodology_core.py,36367,80cc0504023272d47f6af14a590da1b727469ce920a8fea9e591731ac5749137,versionar,"Código, configuración, documentación o recurso del producto"
app/methodology_web.py,6311,87328935ca2216a2cbf5a743b1c32458b99708fdf9291816018f7b98d7250356,versionar,"Código, configuración, documentación o recurso del producto"
app/notifications.py,5331,0c429d3a539f8a62a01c5896a64b9717da60536fdafafac56e7be58fd63eafeb,versionar,"Código, configuración, documentación o recurso del producto"
app/observability.py,4835,3e7e088eab514eda933e249af0b1df87727e10fd3b8679182e2751795294ea5b,versionar,"Código, configuración, documentación o recurso del producto"
app/onboarding_experience.py,5076,944424f7eea11c4e13966b5c99c723580a06e48913b17553bda5479619c870bc,versionar,"Código, configuración, documentación o recurso del producto"
app/operational_imports.py,47180,5daccd8e9920875a6878907af71ecbd2ee70d5923292ae14dbee58f8cb3e0d5b,versionar,"Código, configuración, documentación o recurso del producto"
app/operational_imports_web.py,17902,015cd4c18086d40f6dc23186dfb4e8239b33fb18c082a54f51f5203e919f30a0,versionar,"Código, configuración, documentación o recurso del producto"
app/operations.py,19492,a47bb2d4d17bb460b91234c3ffa4cce33d59e854bb6b697683fa26514ad779bd,versionar,"Código, configuración, documentación o recurso del producto"
app/operations_web.py,18699,93f8ce661168efbba09706b689978132d949c6b0796c68dd49cceaf5c2c83306,versionar,"Código, configuración, documentación o recurso del producto"
app/organizations_web.py,4978,4db8f3dd759a20e4ff21d79973f6864e4a1615b00afe2fe92d0492f4dd3e9301,versionar,"Código, configuración, documentación o recurso del producto"
app/period_close.py,17512,7e9628618ae0073720330c2c1d13c657bcfb344ffd800eaefc8a45b0aa706361,versionar,"Código, configuración, documentación o recurso del producto"
app/period_close_web.py,4576,2f5857cc7acc26317a6c20692eac7bed1deed780483bc86a978bb3687876b749,versionar,"Código, configuración, documentación o recurso del producto"
app/pilot_execution.py,44914,d83419f70e6ce16d3da9a60824f8e012f80dfc27d51cef84f2167d7065f6284b,versionar,"Código, configuración, documentación o recurso del producto"
app/pilot_execution_web.py,14352,64adc6db75083dd72b38a7b4ca055d72fe78aa26260b3b96b33212ba880304bf,versionar,"Código, configuración, documentación o recurso del producto"
app/pilot_web.py,3694,a5222f123f11185d1ccd9c54b25390bf6a0ba46443e589e98fa72c64509bb40e,versionar,"Código, configuración, documentación o recurso del producto"
app/product_experience.py,12852,c5c9dd8186bc83b4b077378e539f6b2c5df12078ab3a67015b6d6eafbfd292f7,versionar,"Código, configuración, documentación o recurso del producto"
app/product_intelligence_web.py,18678,6c2feef6e796926d1a9471bd0608cfd6f56feebd2226b052a43255114b5919b0,versionar,"Código, configuración, documentación o recurso del producto"
app/product_registry.py,13979,6490bcc2779dba77925b5cb7e50938675780f8172c1114b150518f5560d11380,versionar,"Código, configuración, documentación o recurso del producto"
app/release_certification.py,16254,be049381441d4bfdebd10cf9ee1b266668d7632b90b7ee33108a149b4b473438,versionar,"Código, configuración, documentación o recurso del producto"
app/reporting.py,32342,df435d365b01f22c0e62cac1fa749f3c093ff9c8714504672b08e5a3f8e0be6c,versionar,"Código, configuración, documentación o recurso del producto"
app/reports_web.py,3939,467bcff00e42f9dc9fac8a915b3be19c9c5c39d749e09b2930e87ecadef8bfbf,versionar,"Código, configuración, documentación o recurso del producto"
app/repositories/__init__.py,230,6b38d239b9e5f7cbac92ec58eabad7d011878ee325c510caefec14686c508d94,versionar,"Código, configuración, documentación o recurso del producto"
app/repositories/inventories.py,806,0af07c3846830cd474d7e062006d06dca534506fbbfb3452b5e3d407704352ea,versionar,"Código, configuración, documentación o recurso del producto"
app/repositories/operations.py,1187,16e3cdeb49498e5986f3c56b79223b18ba0c0725f305ce9fda9aab03e3d17a12,versionar,"Código, configuración, documentación o recurso del producto"
app/repositories/organizations.py,1561,313f749d230644b522ea014f9f2be6eb2ca105bae8000111dc5a114fa86453a7,versionar,"Código, configuración, documentación o recurso del producto"
app/repositories/product_intelligence.py,2756,5044babe539d4cb1f509cd22e1691422cf91290f7c453753c5763d49b3dbe0e7,versionar,"Código, configuración, documentación o recurso del producto"
app/repositories/reports.py,785,94a8491951e45b193ef7e363b5defc625675eae8c469ee27891902a7f376fa3a,versionar,"Código, configuración, documentación o recurso del producto"
app/review_web.py,17886,f8942827b61ce92538d1759fb1b4c9c13fc13dc2367487d24ccdb19a62a83df0,versionar,"Código, configuración, documentación o recurso del producto"
app/scenarios.py,4918,6268dcbb0b2548228bea0bbdf03a5fc189b2cfc51376b03000fc1b9b233db231,versionar,"Código, configuración, documentación o recurso del producto"
app/sector_library.py,46012,82a6c7c1b923b59896cb7437600a8e134be42c386a7016aaacb12c30674a2a98,versionar,"Código, configuración, documentación o recurso del producto"
app/security.py,17885,9aa423752b6ad1e553386c95c77840f6437754981e91a564a7def99251074704,versionar,"Código, configuración, documentación o recurso del producto"
app/services/__init__.py,55,0d03fea7362931ab4b857edce80dbe6563ff3716239c5d88de4219a12de0dfd7,versionar,"Código, configuración, documentación o recurso del producto"
app/services/inventories.py,1918,be50f67fd7a9ba6f8e90736fe8178685c14f6c01ac8184e38cde53a58c6efd20,versionar,"Código, configuración, documentación o recurso del producto"
app/services/operations.py,998,f43264356b6feea4c5dd455d1460b8d2c61187d705dfe99481944aa38d40ca49,versionar,"Código, configuración, documentación o recurso del producto"
app/services/organizations.py,3289,fb650e4aba8c329a1345e14dbe885ba9fe6dd765e730e3ec08d2cd62086b2c06,versionar,"Código, configuración, documentación o recurso del producto"
app/services/product_intelligence.py,39752,4c6a37b9f7728ca1d02454291b09fa9ff6cb10b6d471fd55c6901c19a77ef954,versionar,"Código, configuración, documentación o recurso del producto"
app/services/reports.py,1212,4ce93f0b70f553dad7f108b91f35a47fd57f14b11a9ddd8bdda41f5e23f84ac7,versionar,"Código, configuración, documentación o recurso del producto"
app/static/css/app.css,201672,8bea39c2feae57931b4595146fa396a9a9ce88ebe4b9e79272c21989486ef566,versionar,"Código, configuración, documentación o recurso del producto"
app/static/img/brand-manifest.json,531,bc0e3336244b9a67c84d8217afe888cc7d38672ce35976dc2dec7e4ae2bff330,versionar,"Código, configuración, documentación o recurso del producto"
app/static/img/brand-primary.svg,1485,3bc5a29975a3b49076d7c754b64732f91a5e501f252522a5298d708541a6ebba,versionar,"Código, configuración, documentación o recurso del producto"
app/static/img/brand-reversed.svg,1407,3499c96d39d1bc584aa32d100b5cee899fe2c47d1d6e2ab4de1a895f6eb944a6,versionar,"Código, configuración, documentación o recurso del producto"
app/static/img/brand-symbol.svg,805,2088d54af227ed0a2844f9c82fc260330401065c5a703e922dc1644b4ee0ad80,versionar,"Código, configuración, documentación o recurso del producto"
app/static/img/favicon.svg,805,2088d54af227ed0a2844f9c82fc260330401065c5a703e922dc1644b4ee0ad80,versionar,"Código, configuración, documentación o recurso del producto"
app/static/img/logo-white.svg,1407,3499c96d39d1bc584aa32d100b5cee899fe2c47d1d6e2ab4de1a895f6eb944a6,versionar,"Código, configuración, documentación o recurso del producto"
app/static/img/logo.svg,1485,3bc5a29975a3b49076d7c754b64732f91a5e501f252522a5298d708541a6ebba,versionar,"Código, configuración, documentación o recurso del producto"
app/static/js/app.js,11799,a7d58f894d52c7dfb6caeccbf92cb86d5cc7692ad04856a2e82e2c0c692f865e,versionar,"Código, configuración, documentación o recurso del producto"
app/storage.py,5544,4b6d95333e8da360b6ee2f3536def77b61ffd82a36204708f860c10ad5fd2fa9,versionar,"Código, configuración, documentación o recurso del producto"
app/supply_chain.py,6398,3371950185d6e425de872ca806c3be7bbac8a07a9366a8b3a6f8a2d579790186,versionar,"Código, configuración, documentación o recurso del producto"
app/templates/analysis.html,6719,d153a276cde778e3206420d23f0c555c5286c12e2c66244d8dd967159a87390f,versionar,"Código, configuración, documentación o recurso del producto"
app/templates/automations.html,5446,ca47c7d9719fb3fd3847a610d90df1e20638b14313911bfa20e8768fc1c10567,versionar,"Código, configuración, documentación o recurso del producto"
app/templates/base.html,5387,46820592275adf66fddc9414b86597a90680fa2bf7879805417fc8f76b9312bb,versionar,"Código, configuración, documentación o recurso del producto"
app/templates/calculations.html,3558,7b0b0701314325eb7accee14eb82fe12898fa3b48d938c061ec2a7da0897b667,versionar,"Código, configuración, documentación o recurso del producto"
app/templates/climate_disclosure.html,21029,a305ada3a207cf3f1588a23f029508c1336a951df5660fcdbbae40ef1ff439ec,versionar,"Código, configuración, documentación o recurso del producto"
app/templates/climate_risk.html,22298,9dec3f818f55585422ea20fc916c7886780fae6cd5715c77830b5921a48d3260,versionar,"Código, configuración, documentación o recurso del producto"
app/templates/colombia_library.html,9379,a619a0abb7bdabd0e8ad0f996394d44a6808a86834c7533de0d1edba768c7013,versionar,"Código, configuración, documentación o recurso del producto"
app/templates/commercial.html,6302,b854fe0a1e01762d4329d96051ebd876ae7cc3e471e0d8f9af871e4370aef107,versionar,"Código, configuración, documentación o recurso del producto"
app/templates/commercial_operations.html,16576,188620ccd2cd93f5d59d1c1f1f674f27ea2bcb7c0af429551c8230df3e213d9f,versionar,"Código, configuración, documentación o recurso del producto"
app/templates/compliance.html,3179,0af1c7c386b51ae9d89b4655e3f966dcbfeae35bae52c0f526de271538e43785,versionar,"Código, configuración, documentación o recurso del producto"
app/templates/consolidation.html,13263,c49a4a8addf25361f26cfad2e42b0b58cb44c7fd7ebdcd65a8a5cc44f437130d,versionar,"Código, configuración, documentación o recurso del producto"
app/templates/control.html,12931,f2bf3e4ca0681a5f5a1e36b989b9198e360f1c0e2093ba9a1d9ae3bf1ddc11d6,versionar,"Código, configuración, documentación o recurso del producto"
app/templates/customer_success.html,15996,227a0eb623bab35cfd49170bf778576ce511f5f43e28c34d50fe37c121305c1f,versionar,"Código, configuración, documentación o recurso del producto"
app/templates/dashboard.html,6631,02b5da6e86b839f734dc4c1006c06874691e7b9aa6cd42a190968d4e8da3fd08,versionar,"Código, configuración, documentación o recurso del producto"
app/templates/data_quality.html,9595,3e8804ed39004b38667375838aa368daeba3c67acaf6abd6edcdd6761c8e648d,versionar,"Código, configuración, documentación o recurso del producto"
app/templates/demo_environment.html,4669,de9bb14c564838548d07493c6a3cfe211f0cc6aaae0385c91f5374f676e4a576,versionar,"Código, configuración, documentación o recurso del producto"
app/templates/document_center.html,4974,209d2f198cec33c95c937fa341fba556d75a3e58d6c9359752ffc00b26e227ac,versionar,"Código, configuración, documentación o recurso del producto"
app/templates/error.html,284,d41cc266fc2b0985e096e672d76c0a290fdec6e2da83e26e25ac23fab1536e57,versionar,"Código, configuración, documentación o recurso del producto"
app/templates/executive_portfolio.html,2975,29b756a7bc5f25b8ef23c37cdd249c7e4b82d02b92c53f6b9be233677bce5c47,versionar,"Código, configuración, documentación o recurso del producto"
app/templates/greenatics_pilot.html,6779,cbd4c0631676cc0ab2311515cdb99ac5bac32e7120157997e17c17ba0cfa2e4e,versionar,"Código, configuración, documentación o recurso del producto"
app/templates/greenatics_pilot_execution.html,17032,a7e8bf57c1e5037843f5ad6e534483348c4dcb3b4396a9dd6ef3ad184b714e7f,versionar,"Código, configuración, documentación o recurso del producto"
app/templates/impact_intelligence.html,8671,33ad5319c5efaa42cc8ef7dc4baea75d9854307449504a135fc31df19294ce1b,versionar,"Código, configuración, documentación o recurso del producto"
app/templates/import_data.html,2818,45ae42d81d80998cc4a95887269c03c7f30635bc01750b4f04fe812b4204add8,versionar,"Código, configuración, documentación o recurso del producto"
app/templates/information.html,12108,adb18b3d0176b507cc4a5f78367b73b9c3d94e90d520f6e48eb20c085aaba3c6,versionar,"Código, configuración, documentación o recurso del producto"
app/templates/integrations.html,4893,13e5d98aa40a27c941d68af50561775fa123303401267dbee8dacff11b1a4164,versionar,"Código, configuración, documentación o recurso del producto"
app/templates/inventories.html,2053,ba42e288b2fc017669e90ad39818974afc13c8ce1f23efe79029491daa7100c4,versionar,"Código, configuración, documentación o recurso del producto"
app/templates/inventory.html,5144,1440642a4ce0e92a35139df2fb457fb6cb48173123388428b0d06fbc21e5b33c,versionar,"Código, configuración, documentación o recurso del producto"
app/templates/inventory_form.html,11434,50a45f8d054ed30127b8e806112ff15bec0037c20226f72686de30a3ec67e67a,versionar,"Código, configuración, documentación o recurso del producto"
app/templates/inventory_journey.html,3139,1838d352dc8326f102f64b1ed542f950416c40511b91cfad4986e54e046560f6,versionar,"Código, configuración, documentación o recurso del producto"
app/templates/login.html,3329,60afc08557ec918a4e6000f8bff9fcd91f719cf40971c260a813a0d1b566517b,versionar,"Código, configuración, documentación o recurso del producto"
app/templates/methodology.html,5772,79029943f01d2e3f5706cd0a745e8660c647b82990448002080f558c275e68b0,versionar,"Código, configuración, documentación o recurso del producto"
app/templates/methodology_closure.html,11999,8f6256a1563d3439358bde718effc44bfe2648508f03e94b75ab0476652a563e,versionar,"Código, configuración, documentación o recurso del producto"
app/templates/methodology_core.html,10742,179d4f8fe8f5272f6727c29fe0c8cba9e460f1b3159819db8316c220bb1046a3,versionar,"Código, configuración, documentación o recurso del producto"
app/templates/methodology_governance.html,3878,48452c28160e9cbd9ea74dc9b365260f6ba3d39ead43b3752b41ba25ebf6618f,versionar,"Código, configuración, documentación o recurso del producto"
app/templates/modules.html,2119,3a2bf38e5f0d86d53ad3cc0ff119eee19bcbf0f8d7094fc4db258c5b0ef1d90e,versionar,"Código, configuración, documentación o recurso del producto"
app/templates/notifications.html,3111,f0edc16af391786550d08b7b4fadc4858cdbe0413d593a6e7d582f94e68c2fd0,versionar,"Código, configuración, documentación o recurso del producto"
app/templates/onboarding.html,5576,9c8d98da2392db5827bb116b7b60aeffb066a5fe257d0d3b8a0a62d55d6aa5f8,versionar,"Código, configuración, documentación o recurso del producto"
app/templates/operational_imports.html,19240,642ecfe1a7576a416e408a624505e663e707578c52111ea2a2d03b20f3849a6f,versionar,"Código, configuración, documentación o recurso del producto"
app/templates/operations.html,16651,c230eed2b39b77940aedf371ee008b3882cf5a507cf0161dca12ec48cf9ef0b7,versionar,"Código, configuración, documentación o recurso del producto"
app/templates/organization.html,6415,2d092cf6db0897ad50d18bd651ce1e868bd69a9a11afce4fc717e21059711704,versionar,"Código, configuración, documentación o recurso del producto"
app/templates/period_close.html,7315,9ce7d931414ef19c7219de4efc963036ef4dc12e53a5108136951cf66dbafdde,versionar,"Código, configuración, documentación o recurso del producto"
app/templates/platform_admin.html,4565,4f23a4757e252925651891e5db82d9517acca876739cc6ffa2544906c14733c0,versionar,"Código, configuración, documentación o recurso del producto"
app/templates/portfolio.html,3662,2e8a5e8910e910c84cdd3ff101a3b89a3bd5a8342f70610ad8e6b82c916119e4,versionar,"Código, configuración, documentación o recurso del producto"
app/templates/product_intelligence.html,15158,95b4b728c71927021d763f04e9cbe952a6dbb7b8d332f9eedc4fb805059cc988,versionar,"Código, configuración, documentación o recurso del producto"
app/templates/public_base.html,2508,31ebfb1c72e6db96cfff7cce4ce7e115a47d7f49c3dc7bcb5ae9058b9b0580ae,versionar,"Código, configuración, documentación o recurso del producto"
app/templates/public_diagnosis.html,9088,0ed499f189be17b428f28b5bd3d617be1b261f29f4025eb981156aa1630846c1,versionar,"Código, configuración, documentación o recurso del producto"
app/templates/public_home.html,8292,318502b9ef74884c35f61de3f75251d99fa5b3f242c79e8d594acd6fe955c0e0,versionar,"Código, configuración, documentación o recurso del producto"
app/templates/public_payment.html,1895,8d56643f07d4f9cf2874a6c5fdb2a08adc12a3d062fff273b549403ff612db80,versionar,"Código, configuración, documentación o recurso del producto"
app/templates/public_proposal.html,3255,ba53ad87684d033a5190f20742096903a1ec086c7986c7ef982697679791c70a,versionar,"Código, configuración, documentación o recurso del producto"
app/templates/public_thanks.html,3777,cffb4d11871af969f8b33e8f1fade4d21dd0c0d520697d62b9ff3acfc3fdb2c2,versionar,"Código, configuración, documentación o recurso del producto"
app/templates/readiness.html,2057,50de86494d908d6044a55631695307bde673d738f87b204ce535ecf29bc93648,versionar,"Código, configuración, documentación o recurso del producto"
app/templates/reduction.html,10146,7c9d80fb3c2b1fab1187105b43ce22e5ee9cb275cea70ab5f9bcccd0060373b1,versionar,"Código, configuración, documentación o recurso del producto"
app/templates/reports.html,4045,a2d2b2f9834eaeaed7f7b881c48df9245c6104c28371c917ed66e8fac58233ce,versionar,"Código, configuración, documentación o recurso del producto"
app/templates/saas_admin.html,5563,bea3df52e88e864f8c230205943b5d82a496d145124eb95a373ef4a2f3cf1f36,versionar,"Código, configuración, documentación o recurso del producto"
app/templates/scenarios.html,7575,32003c73292dc8f41fce38a1008b1c08b004bec2df4962121433e7244d5737ac,versionar,"Código, configuración, documentación o recurso del producto"
app/templates/sectorization.html,3451,04527e9cd5ea16579db15c165fca7c0cbc42ec432efe571494af8ae1daf20314,versionar,"Código, configuración, documentación o recurso del producto"
app/templates/service_account.html,4102,70f3f2e0626b07c69b0f8f2f451b31aed99ad20a8c3acceb7eff4f98e6c8952a,versionar,"Código, configuración, documentación o recurso del producto"
app/templates/source.html,12197,d244539451f650d5dbe97b93740cd015e9784abf5658ae47542b2fa02f10ae9e,versionar,"Código, configuración, documentación o recurso del producto"
app/templates/sources.html,7657,0789d1f0709c7c9aaaf56d36347c902ccaf9d0ba58e06b168be70046014536d1,versionar,"Código, configuración, documentación o recurso del producto"
app/templates/supplier_portal.html,4644,71e0b4861102400a190c41ddf2c45f1e6b7f17f4480956fb2aac33ab9f67abe0,versionar,"Código, configuración, documentación o recurso del producto"
app/templates/supply_chain.html,9912,a0a98e92528e12c7f7006801df9e5a6c777fc8333823d457a8df2ebecd2281cf,versionar,"Código, configuración, documentación o recurso del producto"
app/templates/support.html,3848,e8c69e84f0ad471dd57c947c0eb1c116a644ab39039a8c651f8e3dd60e0c0b70,versionar,"Código, configuración, documentación o recurso del producto"
app/templates/users.html,3295,108ee0d152ca51b8587783657ca9375e4399f1e393471b870402b646c4a8b9aa,versionar,"Código, configuración, documentación o recurso del producto"
app/templates/verification.html,7974,e0490b4ac6f706269fa67fdc57868ecde74a08b5174f15499f8b180d2f02c29d,versionar,"Código, configuración, documentación o recurso del producto"
app/users_web.py,5274,304bd679b5d67e165ed7b483436526324592b47d1c1ea6b22ef0022df0bb22c2,versionar,"Código, configuración, documentación o recurso del producto"
app/verification.py,11949,c9ae4eb8b52a7d173f975f2faaeac4d1a88317fde2496a28dcb3fad04809934a,versionar,"Código, configuración, documentación o recurso del producto"
audit_mac.sh,200,1d021bffa3b0e713353e9a66382bd047a32f10d1e44c9d412ba9b9cb07e559e0,mover_scripts_macos,Script macOS; reorganizar en scripts/macos preservando permisos
backup_mac.sh,518,789430b33fb1c9407480a5d2682fd857708915929ad24befb7819f296a5446b4,mover_scripts_macos,Script macOS; reorganizar en scripts/macos preservando permisos
calcula_tu_huella_v0_45_5_completa_mac_manifest.txt,37213,cb18e01c23cce2c89da8974e1cbaf499b3a308054e9fb799d4abdc40dfb1cebf,archivar_fuera_git,Artefacto de distribución o manifiesto de entrega
docker-compose.trial.yml,5140,1b2f31a97389c156705025dac2709e1b3437873dfef9dd6c146f5614f9ed7c70,versionar,"Código, configuración, documentación o recurso del producto"
docker-compose.yml,1912,b6512083ac426bb60fa2fcddbdb5b30d590bb41d7a7f11943ab92c9e085a7f04,versionar,"Código, configuración, documentación o recurso del producto"
docs/00_ESTADO_FUNCIONAL_V0_10.md,856,5b52a9ee51e7ab3c8a451b189a6b6e9dc8d33f5e94680dcd683943963716f753,versionar_documentacion,Documentación vigente o trazabilidad histórica
docs/00_ESTADO_FUNCIONAL_V0_11.md,824,74f052d2ce76953505ed2ea4a1123fda610752c397681b667ab97e7f2ad5a2de,versionar_documentacion,Documentación vigente o trazabilidad histórica
docs/00_ESTADO_FUNCIONAL_V0_12.md,1255,d8008df5e1a96ec27425109f71663c71871d6ec58b69a7c3e29924c78ecb431b,versionar_documentacion,Documentación vigente o trazabilidad histórica
docs/00_ESTADO_FUNCIONAL_V0_13.md,1381,2019ac0b4ce4f6454382cfd4204a5ae83f508ee680b761c53c3aa3f2278f6328,versionar_documentacion,Documentación vigente o trazabilidad histórica
docs/00_ESTADO_FUNCIONAL_V0_14.md,501,4db1fa17d4ed14d44034ed815acd3d39c1fd57af4c7c361ca81e24718a483660,versionar_documentacion,Documentación vigente o trazabilidad histórica
docs/00_ESTADO_FUNCIONAL_V0_15.md,710,73f9afc30e76dcbb50470b3f994a1e8ca746d47c2015140c35b17317e61b98e7,versionar_documentacion,Documentación vigente o trazabilidad histórica
docs/00_ESTADO_FUNCIONAL_V0_16.md,1003,f7fd4233db0f530004782d9c71d4509bb44243f11b54f6fee19c720a8a20b773,versionar_documentacion,Documentación vigente o trazabilidad histórica
docs/00_ESTADO_FUNCIONAL_V0_18.md,1442,be77aecbf6b8c80f3a1bd0ac250b36ec2d6d7284c9e00b65d79ec737fa049e6b,versionar_documentacion,Documentación vigente o trazabilidad histórica
docs/00_ESTADO_FUNCIONAL_V0_19.md,818,038035419fc4c11f8e5bce20461bf9a0326a145b7c42cca761c83e253b138ea5,versionar_documentacion,Documentación vigente o trazabilidad histórica
docs/00_ESTADO_FUNCIONAL_V0_2.md,829,dec3660eac4334178fbac1e11b421072d8eae49b9f43c5495714013c6863c0f1,versionar_documentacion,Documentación vigente o trazabilidad histórica
docs/00_ESTADO_FUNCIONAL_V0_20.md,950,d695b81970dd2243261a8d885975059f125373bca7f1b0a2eda132aa00d898f9,versionar_documentacion,Documentación vigente o trazabilidad histórica
docs/00_ESTADO_FUNCIONAL_V0_21.md,1325,16c2e723d70e78a35afc46ce63827f3eb82413410463e41b76d8e7be66962068,versionar_documentacion,Documentación vigente o trazabilidad histórica
docs/00_ESTADO_FUNCIONAL_V0_22.md,1825,d5a411683273409bff146955fcaf8399488a05629a96b0ba073f418905e5bc0f,versionar_documentacion,Documentación vigente o trazabilidad histórica
docs/00_ESTADO_FUNCIONAL_V0_3.md,799,e68d564f2aca0c4884b3e61566bce1517ee4505f642cd3be490850e445f340a1,versionar_documentacion,Documentación vigente o trazabilidad histórica
docs/00_ESTADO_FUNCIONAL_V0_4.md,925,9e140b808587020cbb102eda911ec5b82c8a8c367b1c111d8441c4ee9a35102f,versionar_documentacion,Documentación vigente o trazabilidad histórica
docs/00_ESTADO_FUNCIONAL_V0_5.md,1632,e7a3015daa6506dbced19921d9d566febf7b18fb6e7fec98535d08780747facb,versionar_documentacion,Documentación vigente o trazabilidad histórica
docs/00_ESTADO_FUNCIONAL_V0_6.md,1011,7880c5b791cb0b33010a8113e33b49e5139b98edad99e511f80fd6bbf0716749,versionar_documentacion,Documentación vigente o trazabilidad histórica
docs/00_ESTADO_FUNCIONAL_V0_7.md,964,a2c26732c9d7617c76274ba0b15a3d70c32836ff8968c4893ed496621a314131,versionar_documentacion,Documentación vigente o trazabilidad histórica
docs/00_ESTADO_FUNCIONAL_V0_8.md,1152,a601e23f41f33ae6b2390382ef101ce1bf31c10e99d25baa2738432f7b6118b2,versionar_documentacion,Documentación vigente o trazabilidad histórica
docs/00_ESTADO_FUNCIONAL_V0_9.md,1379,dc453dea246c3da238b2f1abb2ec71c50baa4c203092e67c03ac3bc817399099,versionar_documentacion,Documentación vigente o trazabilidad histórica
docs/01_ARQUITECTURA_OBJETIVO_V1.md,1788,33a8a31f621dd65c88e22d5b21aad8939483723b4f281dc4e5e35ff8f302e0c0,versionar_documentacion,Documentación vigente o trazabilidad histórica
docs/02_MATRIZ_PERMISOS_Y_SEGREGACION.md,834,49b07535c5b76e4f392c256e5f4cd6fd2fb28c8aa27cd2a168445a626bcf76e8,versionar_documentacion,Documentación vigente o trazabilidad histórica
docs/03_BACKLOG_PRIORIZADO_V1.md,746,2e01c8da2b872add5a90c03cdbe76ba16c89b43c04e804ca818177723b62b229,versionar_documentacion,Documentación vigente o trazabilidad histórica
docs/04_PLAN_VALIDACION_METODOLOGICA.md,817,e35703a9a0d234436b696a504235eb9340e71cb9c68669d4a7f27bd0d17f30b7,versionar_documentacion,Documentación vigente o trazabilidad histórica
docs/05_PLAN_PILOTO_GREENATICS.md,874,646f575c065b28307173e8c8455f9669d561b7aff17c7ae88ea802f9752456e1,versionar_documentacion,Documentación vigente o trazabilidad histórica
docs/06_CRITERIOS_SALIDA_V1.md,635,d647b32d0e2822c00a0a2e382bb1cbaa7aba99508a9f9880982d96c5d72768e8,versionar_documentacion,Documentación vigente o trazabilidad histórica
docs/07_NUCLEO_METODOLOGICO_V0_22.md,2957,41b972ded7b510deb2dc67dc9999c75678a41577e7d31475a1f66c0436c7fd8a,versionar_documentacion,Documentación vigente o trazabilidad histórica
docs/08_BACKLOG_BIBLIOTECA_FACTORES.md,1597,d460f9c60d3f2615aee5e23404936324e48440328045479ed77ee2843fbba2e6,versionar_documentacion,Documentación vigente o trazabilidad histórica
docs/09_CORRECCION_INSTALADOR_MACOS_V0_22_1.md,894,e4aa22192d0e780c727bb58439d211b1506604f00e4d23bf44550e6c587d3f0f,versionar_documentacion,Documentación vigente o trazabilidad histórica
docs/100_V028_BIBLIOTECA_COLOMBIA.md,937,33df842aa164325536eee4a914fdce5a00e2265e965691e145282629fe618fb5,versionar_documentacion,Documentación vigente o trazabilidad histórica
docs/101_V029_CARGAS_OPERATIVAS.md,1823,e5d30dabe4e6beff3a72ad31d5a83d645819bb3e8840cb3ac03764650ee9eb74,versionar_documentacion,Documentación vigente o trazabilidad histórica
docs/102_V030_INSTALACION_MACOS.md,1509,d037f5e1dcc8fda48995d7e5949bd25e5d0203caa64b0de04de90d27b535287a,versionar_documentacion,Documentación vigente o trazabilidad histórica
docs/103_V031_CONSOLIDACION_PRODUCTO.md,1643,faef99afc2422990d606529e609d12a724aca9aaf6ca5424e707cf4c46d586ac,versionar_documentacion,Documentación vigente o trazabilidad histórica
docs/104_V032_CIERRE_METODOLOGICO.md,3300,8d714f462829bc391511f8be12b941192f7df96198f0d677147f7609a8d65311,versionar_documentacion,Documentación vigente o trazabilidad histórica
docs/105_V033_PILOTO_GREENATICS_CONTROLADO.md,2001,aa94b4b8b4835e3daf3a5a1d7128751206167b5960764869df66a52d5923d347,versionar_documentacion,Documentación vigente o trazabilidad histórica
docs/106_V034_CONTINUIDAD_Y_ARQUITECTURA.md,1008,0e6754f775bd4b0a180d2416e9ed45d288f923e74051447afb0cc4f354e05505,versionar_documentacion,Documentación vigente o trazabilidad histórica
docs/107_V035_ARQUITECTURA_POR_DOMINIOS.md,1207,b1edb08289e0a5e5ca76c9d6b9f3d6e8b10483edd86f5348a71231fbf26e4494,versionar_documentacion,Documentación vigente o trazabilidad histórica
docs/108_V036_ARQUITECTURA_AMPLIADA.md,1050,17bdbce359a4a48ccd4742b5cf9b95ad7b48d369dfade8c53888c428716b6158,versionar_documentacion,Documentación vigente o trazabilidad histórica
docs/109_V037_PERSISTENCIA_POR_DOMINIOS.md,2054,1abd6a5c2402c2a504e58cd2a59d2e04eb83c6642a3e3c359e85cdec18b75e05,versionar_documentacion,Documentación vigente o trazabilidad histórica
docs/10_CORRECCION_CONDA_MACOS_V0_22_2.md,539,43f2758c9d0c49db9ba2939e7683808524c597267bcab9007ef469e2ce95d7e0,versionar_documentacion,Documentación vigente o trazabilidad histórica
docs/114_V042_RECONCILIACION_Y_DESPLIEGUE.md,1418,dc65f9d89743dc10fbda588ae8e306d83a07fec869ceb2306cbeb4aa0b3f8b48,versionar_documentacion,Documentación vigente o trazabilidad histórica
docs/115_V043_CERTIFICACION_OPERATIVA.md,1515,45f2caf18ce0c96fa288f298f1da7127bd4caf7b678049e7c14a8126abd1815f,versionar_documentacion,Documentación vigente o trazabilidad histórica
docs/116_V044_DEMOS_CERTIFICADOS.md,1625,e0acb3a69b07aac7b2768a44a09f398034cbf07e1c30618cb60c50ab48420da0,versionar_documentacion,Documentación vigente o trazabilidad histórica
docs/117_V045_INTELIGENCIA_PRODUCTO.md,2597,3709efbf1773936b27db00f4ed60219f8dc4a7a8dab98b5a2d45387c4aa5b8b5,versionar_documentacion,Documentación vigente o trazabilidad histórica
docs/118_V0451_EXPERIENCIA_USUARIO.md,654,1321bffa171d917bf1652e2ce1277d8acbf7f881b716521b5ee179fb7ae1d9e0,versionar_documentacion,Documentación vigente o trazabilidad histórica
docs/119_V0452_MARCA_NAVEGACION.md,1365,951e0b0e420d4b5afa01422e76210929f77100f8206e9b758c96ec72f494e156,versionar_documentacion,Documentación vigente o trazabilidad histórica
docs/120_V0453_INICIO_GUIADO.md,1805,6b9f263c73429a0b8f0d4e5629c80501499ae79d2d08a573e4d614e939930294,versionar_documentacion,Documentación vigente o trazabilidad histórica
docs/121_V0454_PRIMER_INVENTARIO.md,849,0fed2d5edaee2bd401e9d737bb4b32c9ad7c5b56a1a64ad922f423e3b73ac22b,versionar_documentacion,Documentación vigente o trazabilidad histórica
docs/122_V0455_IMPORTACION_CORRECCION_GUIADA.md,708,427fdc0072997859864e7bb7cc689b7afa351d72c543dd2b75a4d21bc491bf01,versionar_documentacion,Documentación vigente o trazabilidad histórica
docs/95_V023_BIBLIOTECA_SECTORIAL_Y_PILOTO.md,1915,0073994a255b6ab25413f72cdd1a944f0c7d2d63eeb648a1fa30c4501b965430,versionar_documentacion,Documentación vigente o trazabilidad histórica
docs/96_V024_ENDURECIMIENTO_Y_CONTINUIDAD.md,1498,e92d028c91981dd9dba1d009bca46cca4be5ae5b902767faabfb1abc908c3097,versionar_documentacion,Documentación vigente o trazabilidad histórica
docs/97_V025_BETA_GUIADA_Y_EJECUCION_PILOTO.md,1686,d257bace905dfc1359053cccfad9bb951d6ba99aacdd625a6623a0803568e45b,versionar_documentacion,Documentación vigente o trazabilidad histórica
docs/98_V026_CALIDAD_DE_DATOS_REALES.md,1183,6f8cf8fcd4b4232f8058b822375a017775d1d372bbadda8e8033063cf4ca4f86,versionar_documentacion,Documentación vigente o trazabilidad histórica
docs/99_V027_CIERRE_MENSUAL.md,1330,f1306419923cd5512e2bd1cccf4feb8a95f69d7031b2c5b4d6353e50a2cd455b,versionar_documentacion,Documentación vigente o trazabilidad histórica
docs/AUDITORIA_CODIGO_GENERADA.json,736,1c2722d3d6613bfbc97f8677a1d49acbe6f1eb325e39833ae7ab0a5f07a48d85,versionar_documentacion,Documentación vigente o trazabilidad histórica
docs/AUDITORIA_CODIGO_GENERADA.md,775,a1f7beffa331acd1b5c24a3c2e76cfae8169ccd13567e780b9235b80449747f9,versionar_documentacion,Documentación vigente o trazabilidad histórica
docs/VALIDACION_V0_18.md,747,bf5bf694f1a2fe5f0b47eefdd4d781ed544216e35d9354aee3c6e72a08c06573,versionar_documentacion,Documentación vigente o trazabilidad histórica
docs/VALIDACION_V0_19.md,613,85daddf19ea835c2d7731cbec70c09ff1a4342dff0626b84dcb952030859bcde,versionar_documentacion,Documentación vigente o trazabilidad histórica
docs/VALIDACION_V0_20.md,862,16f920956c8268aa7af930b2566d03c97094c41302e165c0451753e7c53d14bf,versionar_documentacion,Documentación vigente o trazabilidad histórica
docs/VALIDACION_V0_21.md,1541,79f01d6d85abc3876b7aeac4e40c5821d338f7c55cbb53e9693aa67ec922824d,versionar_documentacion,Documentación vigente o trazabilidad histórica
docs/VALIDACION_V0_22.md,1520,6195ac227522baec72590750e45441d4cd1b08f85c051ed2d3d3eb4f7f1b349f,versionar_documentacion,Documentación vigente o trazabilidad histórica
docs/VALIDACION_V0_25.md,1696,5d7174a8028d0ab80bb41b74d4c905c954ff4e74d6bebc183eeea16e98b4717c,versionar_documentacion,Documentación vigente o trazabilidad histórica
docs/VALIDACION_V0_26.md,1187,b82fb75c5138a8d960464cfc2885e82097ab53300e9393272b9882e4b823a049,versionar_documentacion,Documentación vigente o trazabilidad histórica
docs/VALIDACION_V0_27.md,557,5428ced809022a7ec6f223d9cfe1f4fb285cb113f60d578f07840f22e50d93c8,versionar_documentacion,Documentación vigente o trazabilidad histórica
docs/VALIDACION_V0_29.md,3858,07877a57662d78cf84198bf18374b2eb2b7e5c959296c1bbdca9eadbff41cef5,versionar_documentacion,Documentación vigente o trazabilidad histórica
docs/VALIDACION_V0_32.md,2467,a104af26591cddc1e7cce83ea9a6027fbff948b02a6c4d03f6d57c142e3d27c5,versionar_documentacion,Documentación vigente o trazabilidad histórica
docs/VALIDACION_V0_33.md,1502,251675e9ea99d55db7b7e1077567b37b6d5ab1ca622f0018d93d40f05ae8f5c0,versionar_documentacion,Documentación vigente o trazabilidad histórica
docs/VALIDACION_V0_34.md,3089,19137ad35ea2eba59bedae0164798697c361c25bda2f70ac6498460a879eb5bb,versionar_documentacion,Documentación vigente o trazabilidad histórica
docs/VALIDACION_V0_35.md,2485,6755d1fec65ccde9dfc7456981ede33a88de0995f1c1d6b65319520be2420406,versionar_documentacion,Documentación vigente o trazabilidad histórica
docs/VALIDACION_V0_36.md,2050,6ec4a5c5dfde2df2402d2638b46a9639da5e68902f7c89f532a3e9c1dd8af672,versionar_documentacion,Documentación vigente o trazabilidad histórica
docs/VALIDACION_V0_37.md,2553,48c6fffffe75f2fff016e3c8e6bc27d3b8d75e6b973adeed7f1ee899b948f9a5,versionar_documentacion,Documentación vigente o trazabilidad histórica
docs/visual/01_identidad_visual.png,1217994,5dd34ce542033dd6f1f635c589ed024c10e75696095e236f64ac885c702f70f3,versionar_documentacion,Documentación vigente o trazabilidad histórica
docs/visual/02_landing_dashboard.png,1261294,399c3d51cb43ee70b7b8dfd3590baf2218d45a43ea4ee3e28a9054e224d82bbc,versionar_documentacion,Documentación vigente o trazabilidad histórica
docs/visual/03_inventario.png,1117133,f37b9f7978e324137fbd7d019327df138d04ce0d87a15c691e94eee897c36723,versionar_documentacion,Documentación vigente o trazabilidad histórica
docs/visual/04_calculo_reportes.png,1406873,68fe600fac2bd913a24203a142c85858be4634ad59a0ccab3d3bbb21a290de7b,versionar_documentacion,Documentación vigente o trazabilidad histórica
doctor_mac.sh,983,8651f9574f36ba04ef4994b9a9a8419e437a7d545df3d6891efdfd01253e1f46,mover_scripts_macos,Script macOS; reorganizar en scripts/macos preservando permisos
install_mac.sh,4105,47aa30d6fb7a3b2eaf0c1bb0b950adb76fa45b5a52a3870a2b8fdc4090c5fd0f,mover_scripts_macos,Script macOS; reorganizar en scripts/macos preservando permisos
install_prod.sh,558,d360cf1c059adb2d423db964f4a1b391f7c161b5722e93c3d365db161b52853e,versionar,"Código, configuración, documentación o recurso del producto"
migrate_from_v026.sh,1154,f00b3980d02fa248d5c2b83e81ad074f1a4dbe40e301505cf8d1ca0acf9dfd14,versionar,"Código, configuración, documentación o recurso del producto"
migrate_from_v027.sh,1154,6725c76f33ca10f4c7b994ead9aaa7e6ca0454945f9790c4967e911b34c6b960,versionar,"Código, configuración, documentación o recurso del producto"
migrate_from_v028.sh,1214,fa783a4906b065acbca27dff248c427d1956af6a7b8f4d33ff4c665c6931d956,versionar,"Código, configuración, documentación o recurso del producto"
migrations/env.py,1163,0882c1c85aa0931c85e6a1ec6d47a6f2e4a6ec8a994cab5aa33d19d61b5cb3ac,versionar,"Código, configuración, documentación o recurso del producto"
migrations/script.py.mako,589,738f520224ab075d073f7db6ba62d661267f2b032d1274efb64769c66b8d15fc,versionar,"Código, configuración, documentación o recurso del producto"
migrations/versions/20260731_0001_v011_baseline.py,658,63cf2876253d6e98e97ced8b53b3ce0903b0e73fdf92a2ec00374fb8fa1ea855,versionar,"Código, configuración, documentación o recurso del producto"
migrations/versions/20260731_0002_v012_enterprise.py,657,3084db7ebdf337dcdb6d31dfebcfa48bcb129cfb6fc4a60617724a657bf31908,versionar,"Código, configuración, documentación o recurso del producto"
migrations/versions/20260731_0003_v013_governance.py,455,2b9f35d02b9865e76b0819b03e80cdd3843f18c30f54845934bd59914f0bb6e3,versionar,"Código, configuración, documentación o recurso del producto"
migrations/versions/20260731_0004_v014_saas.py,443,8b00c4ec8b9a1c6202360904e6a3f77bcd4cffc98170322e62b74cd04dd60749,versionar,"Código, configuración, documentación o recurso del producto"
migrations/versions/20260731_0005_v015_commercial.py,459,f6e5c3d53c4c1b358545bd01e57022e7fc9ebd713ca0c3a27013ada6ecdfd2b3,versionar,"Código, configuración, documentación o recurso del producto"
migrations/versions/20260731_0006_v016_revenue_operations.py,546,fb4e1b11677454fb04280369057f834b65f20c59a748e5b55950279c00bff9a0,versionar,"Código, configuración, documentación o recurso del producto"
migrations/versions/20260731_0007_v017_customer_success.py,531,088e00e6f5bef07bfb8985cead3b79e94865120b6c93dfeda264117159126d4d,versionar,"Código, configuración, documentación o recurso del producto"
migrations/versions/20260731_0008_v018_impact_intelligence.py,531,d1c6b7b69e6764ef9ee27e5681463275091f3a46b33420d515eba04ee7c5be1b,versionar,"Código, configuración, documentación o recurso del producto"
migrations/versions/20260731_0009_v019_climate_risk.py,546,b2d0df1bb91e6997f51f1f90e0e8f9bd437e26d63e59e85c8ffdd45d578b2e53,versionar,"Código, configuración, documentación o recurso del producto"
migrations/versions/20260731_0010_v020_disclosure.py,558,443188edc22bf784b18968e64b3eeff7b7906847f4f913b7497a8945427d2da2,versionar,"Código, configuración, documentación o recurso del producto"
migrations/versions/20260731_0011_v021_consolidation.py,540,91ad65bf0b6dd2de2de3c460eade7f9b24652b3c45e5d6edf7cfeef586edb712,versionar,"Código, configuración, documentación o recurso del producto"
migrations/versions/20260731_0012_v022_methodology_core.py,570,6bef5120ea8c078153828c289b99ebbe79c5725592a5c5980014414eaabdf34e,versionar,"Código, configuración, documentación o recurso del producto"
migrations/versions/20260731_0013_v023_sector_library_pilot.py,533,55183d95b48652609ca3812bbca3d9291922d08722c71e7790c408aacc978af5,versionar,"Código, configuración, documentación o recurso del producto"
migrations/versions/20260731_0014_v024_security_hardening.py,2322,fe95883f9d406e1470dbae95eb3417352899e016692431d6061a142aa18e7cc6,versionar,"Código, configuración, documentación o recurso del producto"
migrations/versions/20260731_0015_v025_guided_pilot.py,5140,48f80081dc657c62deaf4bd9efbbcd20af663848f4ca8d6e6bc19f7a973ce4da,versionar,"Código, configuración, documentación o recurso del producto"
migrations/versions/20260801_0016_v026_data_quality.py,5957,7fb0c7730fda2200f2800f8391f5583849d83cad6bd30e983ce8d74a57208dd4,versionar,"Código, configuración, documentación o recurso del producto"
migrations/versions/20260801_0017_v027_period_close.py,5243,12adb87920cc1451d1a09e7b69e24f70bb3c3bb1537aeedaad141c0389c2789d,versionar,"Código, configuración, documentación o recurso del producto"
migrations/versions/20260801_0018_v028_colombia_library.py,560,dc6fd2d2010ec56ba4097ebe8224e5fff683862eda7c3ccf75b46fb3089b74ff,versionar,"Código, configuración, documentación o recurso del producto"
migrations/versions/20260802_0019_v029_operational_imports.py,5655,24234f1d162e40d0abb9e3827e9f57d9c44f372dd3c636a1d1da9df135b12d00,versionar,"Código, configuración, documentación o recurso del producto"
migrations/versions/20260802_0020_v032_methodology_closure.py,4213,13963d507e925fa86d2912b15ff29f55c50a25a3e671ce15948e0a5fc9987f7b,versionar,"Código, configuración, documentación o recurso del producto"
migrations/versions/20260802_0021_v033_greenatics_pilot.py,2259,300f847f52ed1ac225e35d68ecfa6ce5c69387c58a52fcaa64f9d2e3b5a831d2,versionar,"Código, configuración, documentación o recurso del producto"
migrations/versions/20260802_0022_v034_operational_hardening.py,2366,8e1b876f189fcfdf522ea2e5e92f9195ece2e31ed6ab69ca021c0bb962f74fc3,versionar,"Código, configuración, documentación o recurso del producto"
migrations/versions/20260803_0023_v035_domain_architecture.py,592,129ad0abe54b88c3db93878a780893280826af9423d7cab9ec6d826629926e2d,versionar,"Código, configuración, documentación o recurso del producto"
migrations/versions/20260803_0024_v036_domain_expansion.py,503,9545bcd0b4834375ee2219c78bf83f4652521081a2276f7af271baafe85f6b7a,versionar,"Código, configuración, documentación o recurso del producto"
migrations/versions/20260803_0025_v037_persistence_architecture.py,590,506ac4f8b4c205010769b890e29b97c3a4ab09ddd6bc20be9be4f6fbf1b6a6a5,versionar,"Código, configuración, documentación o recurso del producto"
migrations/versions/20260803_0026_v042_reconciled_operations.py,4149,3d8c373cd6247aa43572ec4db9d7108b76bfa57897dab54c5522a6ab747c0c54,versionar,"Código, configuración, documentación o recurso del producto"
migrations/versions/20260803_0027_v043_release_certification.py,3428,c4f1adf88e1cbcfc0bd41fcc3a37e303e4ddcf2725a6dcbca6e19f4fbf0455ea,versionar,"Código, configuración, documentación o recurso del producto"
migrations/versions/20260803_0028_v044_demo_environment.py,2350,bf5b49f5438b1a0c203741d723c9942f38fde7a84a5760395b81dbae3ca17493,versionar,"Código, configuración, documentación o recurso del producto"
migrations/versions/20260803_0029_v045_product_intelligence.py,12605,237b2fe3afd4b7237b1918714e79e7ab1fdec634cbe59f379973c03b5157a3dd,versionar,"Código, configuración, documentación o recurso del producto"
ops/alertmanager.template.yml,398,bd8ea60976bf6ccc9d4a55bbd03db7da34562b213ec468966eaa01ded0247353,versionar,"Código, configuración, documentación o recurso del producto"
ops/alerts.yml,643,cd8782187a6ab0be567488e8bd4847048c7a01fa41bf1432647663a7276a5ca7,versionar,"Código, configuración, documentación o recurso del producto"
ops/grafana/provisioning/datasources/prometheus.yml,139,f50c135b9d5102b3d286683340fc6a6a1bb8f6c5215ef3a6e541ac0f02848ecf,versionar,"Código, configuración, documentación o recurso del producto"
ops/prometheus.template.yml,364,6f28ba0306e65d55e09844350c23aec71b3ed50fb65e6d7465e76a1234438319,versionar,"Código, configuración, documentación o recurso del producto"
repair_mac.sh,473,f3a187f38627de72ba5dfa706496c0a4faeed71dc7a1186c697945f88ce6f832,mover_scripts_macos,Script macOS; reorganizar en scripts/macos preservando permisos
requirements-dev.txt,48,cd704ee23ea4171c534e5aa4fb6722d8ab4c78c1033cf4bf34a90b033627a6d7,versionar,"Código, configuración, documentación o recurso del producto"
requirements-prod.txt,43,efbce1c88f211166cd07c4c6db6140364185918d5fc33a24eae9bd06d8e5ba7e,versionar,"Código, configuración, documentación o recurso del producto"
requirements.txt,201,cdc7aaf74ca905a618166a764bbfd7bf34dfe618326d452dde583fd532100cfb,versionar,"Código, configuración, documentación o recurso del producto"
reset_demo.sh,1016,117bc27019a83e3e39a236dc137da3f9d5d39d3a2a46c66811c8a2e5fe8ba19f,versionar,"Código, configuración, documentación o recurso del producto"
restore_mac.sh,572,fb9ff3095b12599ba5367755b169d2c035afd46f88d6345cf9f8932392960925,mover_scripts_macos,Script macOS; reorganizar en scripts/macos preservando permisos
run.py,3734,4e76b8ee90bc29c20cd64bd2891b2f9c383518e300ea97f85592c5e97c49026d,versionar,"Código, configuración, documentación o recurso del producto"
run_automations_mac.sh,538,45f269ed71c4f833645395f1add60299f0bd7b28a20b8ba10da4ffce921a1a8a,mover_scripts_macos,Script macOS; reorganizar en scripts/macos preservando permisos
scripts/audit_codebase.py,1757,f7e3f93a57246a400b55dc9333f4f113d0a7eb8895e33c5a66808412849858d3,versionar,"Código, configuración, documentación o recurso del producto"
scripts/backup.py,780,fa017588410d6deae31c9896e26fa6217c178afabaecc10842d7ada5057f14a6,versionar,"Código, configuración, documentación o recurso del producto"
scripts/certify_release.py,2550,3af5cd44416d20c1726633aefe642c5e3d4cf24c6c3f72e808417b5b9257d890,versionar,"Código, configuración, documentación o recurso del producto"
scripts/check_ready.py,640,b998f88784bffea4d03865f9e78b74c7c63bb75905370f34d25e73634144cc22,versionar,"Código, configuración, documentación o recurso del producto"
scripts/copy_sqlite_database.py,1164,18882ccdd09be6059ab540b7c0e282b80f3a9ce57d3c018185440d318e02c2ea,versionar,"Código, configuración, documentación o recurso del producto"
scripts/easy_mac_common.sh,1696,8b51c749dd7b8b6aa511e65adbd2e1fd7c217ebecb8980aee507f56cd63a69ad,versionar,"Código, configuración, documentación o recurso del producto"
scripts/ensure_alembic_baseline.py,3143,c3a80cf20c814e5260a2736257cd41a9d6cefe86a4533e9ff2a81d46d6da340b,versionar,"Código, configuración, documentación o recurso del producto"
scripts/mac_lifecycle_common.sh,10065,04ce8bcc6969c55a8d1979837d3da9263408ef31eb3c016142f703f2be0ba121,versionar,"Código, configuración, documentación o recurso del producto"
scripts/migrate_sqlite_to_postgresql.py,2066,d6f5376bfb6eef8b21ddb6eae8142791c48c4f1c0cb6a8f5081dc2d8d9d2127b,versionar,"Código, configuración, documentación o recurso del producto"
scripts/prepare_demo_environment.py,1996,06b6cdb551fff5bd587c724238e6bdf9f45b2532221f0637bd04d820f1ad9f6d,versionar,"Código, configuración, documentación o recurso del producto"
scripts/python_selector.sh,1896,971e9882c0b92f46dab905b39aebdceeec321068a43c1fd18914cb467a859686,versionar,"Código, configuración, documentación o recurso del producto"
scripts/restore_sqlite.py,2052,304c6c607ee01dd75768d4637bc40eaeaec1b447b548ca143e40780dc330a387,versionar,"Código, configuración, documentación o recurso del producto"
scripts/run_automations.py,900,ab2cf6fbd100a4dcf6b8af8150d48a32e1871c9c460e1aeeb82ed781ed4a32e7,versionar,"Código, configuración, documentación o recurso del producto"
scripts/run_deployment_rehearsal.py,2339,1602abd9597d58b6a43fc28dad0915668f63ca3ca658287499bdc9bd676fb3fd,versionar,"Código, configuración, documentación o recurso del producto"
scripts/run_restore_drill.py,2472,13e0859c4f6f25385c5ab7f3fe71778ba9678154a9d82e10c32df39ce5d56d88,versionar,"Código, configuración, documentación o recurso del producto"
scripts/runtime_python.sh,945,ef1057f6492d12abe117041fa505c217f33adf3c89f504a37713a8d00d802d00,versionar,"Código, configuración, documentación o recurso del producto"
scripts/security_check.py,1266,612e49b1137f76749e4d4028677e829931fef392c3573b0f6a94d1695497d077,versionar,"Código, configuración, documentación o recurso del producto"
start_lan_mac.sh,453,d8fbe0105e366dbc41da341a75e749f3d6e8e988877a81c95c9c988ace0ba6c7,mover_scripts_macos,Script macOS; reorganizar en scripts/macos preservando permisos
start_mac.sh,758,bc6c616003e0f40e79f74e7ec5ae6eae1ef3a9caf15bcb96f5e22e59c2d6cd0f,mover_scripts_macos,Script macOS; reorganizar en scripts/macos preservando permisos
start_prod.sh,730,f458348c32cc3204bffa20c412e6d706a6099c8330f2e9ed2817133329b7a918,versionar,"Código, configuración, documentación o recurso del producto"
stop_mac.sh,117,58695e1072d3e33e527b1d0e5cc758feb783ae9a6755271042888b69262891c0,mover_scripts_macos,Script macOS; reorganizar en scripts/macos preservando permisos
tests/conftest.py,682,67f8a9fb82da463d775b78db4fb77dc8d802b2144d470f4328079115a0706c2b,versionar,"Código, configuración, documentación o recurso del producto"
tests/test_app.py,84733,60cf4d673619f4e74626f1319d7db1fda20cc615ee77adef600a9e943f33e3c6,versionar,"Código, configuración, documentación o recurso del producto"
tests/test_v021_consolidation.py,5993,4149247399f5e5de70b486a4d002b7117e5d545bd3d54989177165f3200f90da,versionar,"Código, configuración, documentación o recurso del producto"
tests/test_v022_methodology_core.py,7516,541e97ef0db7598e9b31d338aa484772f4ed30679f013fd51d2f0f09f819e929,versionar,"Código, configuración, documentación o recurso del producto"
tests/test_v023_sector_pilot.py,6131,3011017011a39d4dbe9b91ee5b8da5c467fba4d8af3956eb545611e747043199,versionar,"Código, configuración, documentación o recurso del producto"
tests/test_v024_security_hardening.py,4107,9c88bff3012bf522af3e79aedb49cf8d082f68e05e0463d8049d425aa8bc21f2,versionar,"Código, configuración, documentación o recurso del producto"
tests/test_v025_guided_pilot.py,6002,e39bda2370ad12c3598c6130f81f38f7587631173971e3aaf2ceeec7b25e620f,versionar,"Código, configuración, documentación o recurso del producto"
tests/test_v026_data_quality.py,6322,bde28add2e1f49546cf8386a85900a8263487f2bc4ca08865f68cbbcac3a20ab,versionar,"Código, configuración, documentación o recurso del producto"
tests/test_v027_period_close.py,6017,81013735c9a53b379f44da87399a8497bd254e63015ca9338470e8c9ac0969dc,versionar,"Código, configuración, documentación o recurso del producto"
tests/test_v028_colombia_library.py,4664,4a78a4a37c6b4965ae87c197e94ded964571adb25857082fc47b22945fe1ca2e,versionar,"Código, configuración, documentación o recurso del producto"
tests/test_v029_operational_imports.py,11660,d0eed95398f149f37c60186fc138688bb9b3d01480d52c9616ebcad4238e11b3,versionar,"Código, configuración, documentación o recurso del producto"
tests/test_v030_mac_lifecycle.py,3909,053d3e5c3a5b34994c43cfc9f3362f5219fcb2b4f2f88babf70328e85b0105d8,versionar,"Código, configuración, documentación o recurso del producto"
tests/test_v031_product_experience.py,4847,1062c1dbeff00922c7572299c2868770b5be146d2c1f20a8c84c2506600a3452,versionar,"Código, configuración, documentación o recurso del producto"
tests/test_v032_methodology_closure.py,8470,1475e5776c63ca23b35b64b8d5107c22b638bd0a31efbdc49e17c08ec9123460,versionar,"Código, configuración, documentación o recurso del producto"
tests/test_v033_greenatics_pilot_control.py,5701,4280802b9c00c8d7ce529d2e7a853f594fa7823179f0dc459a48c6cf9b66a2f4,versionar,"Código, configuración, documentación o recurso del producto"
tests/test_v034_operational_hardening.py,4487,b1dc6ffb73e3e7c258d203f1cad468c8a4ae4827c10c7a48168e08379ce37f51,versionar,"Código, configuración, documentación o recurso del producto"
tests/test_v035_domain_architecture.py,4734,1e15cb79f37affc160760f85c6a1dd69949ee2ea7beafdd04caa5c42cda1f014,versionar,"Código, configuración, documentación o recurso del producto"
tests/test_v036_domain_expansion.py,4601,92b11c5820834fda72eb115740f7bdade4d03ae9015fc453fa6abe635d324e07,versionar,"Código, configuración, documentación o recurso del producto"
tests/test_v037_persistence_architecture.py,5817,c84d93fa18d692b48c2d2a4a2b6ffa101eba5762ab770620097c67fde09e0a34,versionar,"Código, configuración, documentación o recurso del producto"
tests/test_v042_reconciled_operations.py,5062,745e2b2c9bcbc844e09ea581e3518b62294a68d4e039572eae8a7a78fbf8650f,versionar,"Código, configuración, documentación o recurso del producto"
tests/test_v043_release_certification.py,7983,5b8a2ef48cb19e4230c42381b5d7772674244c7f5a942dc044a8aa7df1818886,versionar,"Código, configuración, documentación o recurso del producto"
tests/test_v044_demo_environment.py,4667,12b815152c6abf5b958453ea3f856f0fbf03cddf98f1f210d88652fbba9a2c31,versionar,"Código, configuración, documentación o recurso del producto"
tests/test_v0451_user_experience.py,934,892bee2a763672221bb28e68f2d0360efb5c54bd5837c0c4cb65e755dd898fde,versionar,"Código, configuración, documentación o recurso del producto"
tests/test_v0452_brand_navigation.py,1220,109d98659e6b968fffc95b19e6026103da6dc2c12632f94c55f1192595850347,versionar,"Código, configuración, documentación o recurso del producto"
tests/test_v0453_guided_onboarding.py,2775,107b40ca7844d2156a6e524c20f166a637a855646419885967f50131a7180f08,versionar,"Código, configuración, documentación o recurso del producto"
tests/test_v0454_first_inventory.py,6363,b75b4e389c60bec4320c0980361895ee591ea674dc1888321b2081af687b62d1,versionar,"Código, configuración, documentación o recurso del producto"
tests/test_v0455_guided_imports.py,7214,6fc157dfb81f1965ea4bb010388e00631ace5580e12a760a11ac824367e99e4d,versionar,"Código, configuración, documentación o recurso del producto"
tests/test_v045_product_intelligence.py,12355,18df55701b8d4199a91b24776cd66b71adaaf9e300346b977727ce079fbfecf3,versionar,"Código, configuración, documentación o recurso del producto"
